Title,Rating,Votes,Duration,Genre
33. Freaky Tales,6.4,418,106,Action
45. Baby Invasion,4.7,354,80,Action
81. Hitpig,5.1,888,86,Action
82. Dark Match,5.5,902,94,Action
89. Raqa,5.7,160,107,Action
91. Mafia Wars,3.3,224,94,Action
100. Overlord: The Sacred Kingdom,7.0,804,135,Action
102. Black Heat,8.6,112,93,Action
110. Anaconda,4.9,612,84,Action
112. Rats!,7.6,104,85,Action
123. Joe Baby,7.6,29,86,Action
124. Operation Undead,4.6,386,110,Action
134. The Quiet Ones,6.4,625,110,Action
140. Hellhound,4.3,498,103,Action
141. 11 Rebels,6.2,334,155,Action
142. Harbin,6.4,530,108,Action
145. The Twisters,2.6,320,86,Action
151. Outlaw,5.2,915,82,Action
159. Cloud,6.4,953,124,Action
160. A Legend,4.7,872,129,Action
162. Operation Blood Hunt,3.4,468,93,Action
165. Agent Recon,2.4,667,85,Action
170. Crosspoint,6.9,36,100,Action
173. Sunray: Fallen Soldier,4.3,614,115,Action
174. Striking Rescue,5.6,377,106,Action
178. The Last Ronin,4.8,553,115,Action
180. Utopia,3.6,352,91,Action
182. Snow White and the Seven Samurai,3.2,282,88,Action
186. The Lost Tiger,7.8,42,90,Action
187. Drive Back,4.7,293,94,Action
188. Alien: Rubicon,2.4,334,86,Action
193. Fight Another Day,5.0,334,97,Action
194. Jacob Tyler,4.6,51,133,Action
197. Continental Split,3.5,540,88,Action
198. Alien Country,4.4,357,96,Action
199. Agents,3.5,919,82,Action
204. 72 Hours,4.1,283,87,Action
207. 12 to Midnight,3.6,278,96,Action
208. London Calling,7.7,19,109,Action
209. The Hangman,3.3,993,92,Action
210. Terminator: Skynet Rising,6.8,263,88,Action
211. Handsome Guys,6.5,782,101,Action
212. Revolver,5.4,835,114,Action
213. Zero,6.1,39,88,Action
214. Troubleshooters,6.8,405,110,Action
218. (Pri)sons,5.1,266,100,Action
219. Don't Mess with Grandma,6.0,149,81,Action
220. Roadkill,3.7,675,90,Action
221. The Lockdown,4.3,601,117,Action
224. Big Rage,3.6,161,115,Action
225. WWII: Operation Phoenix,6.3,68,106,Action
226. Young Lion of the West,5.2,108,93,Action
229. The Last Front,5.5,606,98,Action
230. War of the Worlds: Extinction,3.0,194,84,Action
231. Exorcism Chronicles: The Beginning,7.3,88,85,Action
233. Spiders on a Plane,5.3,370,78,Action
234. Escape from the 21st Century,6.5,837,98,Action
"235. Love, Courage and the Battle of Bushy Run",4.9,178,113,Action
239. Devil's Knight,5.4,784,90,Action
240. Get Fast,3.6,445,88,Action
242. The Slave and the Sorcerer,6.6,39,86,Action
243. Ryan's World the Movie: Titan Universe Adventure,1.8,673,80,Action
246. Cassino in Ischia,4.4,238,113,Action
250. The Ballad of Davy Crockett,4.6,246,96,Action
251. Everybody Loves Jenifa,8.4,80,135,Action
253. Cesium Fallout,6.6,500,136,Action
254. 40 Acres,6.6,110,113,Action
256. Deaner '89,5.9,416,90,Action
257. Invasion,4.8,671,91,Action
258. Tales Beyond the Galaxy,5.1,162,76,Action
264. Snatched,4.9,209,101,Action
266. Rajakili,7.4,565,122,Action
267. Je Jatt Vigarh Gya,5.7,821,132,Action
268. Ka Whawhai Tonu,7.4,175,115,Action
269. Paradise,6.9,77,83,Action
272. Barroz: Guardian of Treasures,3.5,984,155,Action
273. School of Magical Animals 3,5.9,307,105,Action
274. Hunting with Tigers,5.6,518,109,Action
275. The Charisma Killers,6.2,651,101,Action
278. The Last of Us: Immunity,5.8,14,64,Action
279. Cells at Work!,6.8,175,109,Action
280. Citizen of a Kind,6.7,782,114,Action
281. Stuntman,7.0,154,114,Action
284. Sasan,8.6,67,155,Action
285. Kahar: Kapla High Council,7.0,446,102,Action
286. Shark Warning,3.4,253,94,Action
288. The Plot,4.8,370,100,Action
289. SCP: The Infinite Mission,5.9,30,0,Action
290. Onsen shâku,6.0,10,70,Action
291. Taken from Rio Bravo,3.0,310,80,Action
294. The Kingdom,7.9,86,133,Action
296. The Friendly,8.1,15,101,Action
297. Xiong Shi Shao Nian 2,7.5,195,134,Action
298. Orang Ikan,6.5,32,83,Action
299. Diabel,5.1,230,108,Action
300. Pimpinero: Blood and Oil,5.6,544,121,Action
301. Art of Eight Limbs,3.9,307,101,Action
303. Baby Assassins: Nice Days,7.3,284,103,Action
304. The Unbreakable Bunch,7.2,26,0,Action
306. Gravediggers,6.4,29,91,Action
307. Echo 8,3.9,183,96,Action
308. Sunfall,2.3,36,74,Action
310. Lisabi: The Uprising,6.4,121,107,Action
311. The Actor,3.3,723,128,Action
313. No Time to Spy: A Loud House Movie,6.4,440,81,Action
315. Big City Greens the Movie: Spacecation,6.2,537,83,Action
316. Rogue Elements: A Ryan Drake Story,4.8,933,44,Action
318. Crisis Negotiators,6.7,702,120,Action
320. Matka,4.7,580,156,Action
321. The Bouncer,4.2,84,78,Action
322. Dharmarakshak Mahaveer Chhatrapati Sambhaji Maharaj,8.2,653,174,Action
323. The Epidemic,5.8,69,95,Action
324. High Forces,5.8,516,119,Action
326. Bureau 749,4.1,506,123,Action
329. Clownface 3,9.5,35,104,Action
330. American Underdog,8.8,23,89,Action
331. Ghosts of Red Ridge,3.3,145,81,Action
332. Hiranya,5.7,18,138,Action
333. Sucha Soorma,6.4,914,136,Action
334. Desperado,5.9,141,100,Action
335. 6 Hours Away,3.9,242,93,Action
337. Mongol,8.6,92,155,Action
338. Lady Scorpions,3.6,364,101,Action
339. Gandhi 3,5.5,237,143,Action
342. Eye for an Eye 2,6.6,497,90,Action
343. The Grey Men,6.4,69,97,Action
344. Clone Cops,8.0,190,96,Action
346. Nothing Even Matters,5.5,75,90,Action
347. Witch Hunter,5.2,23,80,Action
349. Love You to Debt,6.2,753,135,Action
350. Purushothamudu,7.7,12,120,Action
351. September Babies,6.1,284,94,Action
352. Memes & Nightmares,5.7,82,81,Action
353. Dirty Money,5.6,111,100,Action
354. Black Creek,8.6,7,116,Action
355. Go for Broke,5.7,270,115,Action
356. Customs Frontline,5.4,471,115,Action
357. Conquer: Lahad Datu,6.7,503,120,Action
358. Mobile Suit Gundam SEED Freedom,6.6,940,124,Action
359. Kadakan,4.0,112,128,Action
360. Camp Blood: Clown Shark,3.3,83,70,Action
361. Naam,6.4,275,136,Action
364. My Fathers' Daughter,6.6,71,78,Action
365. Nu Huo 12 Xiao Shi,6.0,47,86,Action
366. Hitler,5.2,303,128,Action
367. Iron Fighter,3.6,62,80,Action
368. Rendel: Cycle of Revenge,3.6,244,99,Action
369. Appudo Ippudo Eppudo,4.7,229,120,Action
370. Shu Si Yi Bo,6.6,32,91,Action
371. Mahadev Ka Gorakhpur,7.8,368,131,Action
372. Ballistic,2.3,161,95,Action
373. The Experts,6.2,262,121,Action
374. The Miranda Brothers,4.4,188,99,Action
375. They Call Her Death,6.5,25,92,Action
376. Midas,4.6,335,85,Action
377. Anunnakiler,2.5,439,76,Action
379. Sikaar,8.3,676,150,Action
380. Correr para Vivir,7.0,195,97,Action
381. S.T.A.L.K.E.R.: Shadow of the Zone,5.2,451,72,Action
382. Mirza: Part 1 - Joker,6.8,236,165,Action
385. Next to Us,4.9,221,125,Action
386. Samandar,7.6,136,172,Action
387. Ship of the Damned,2.8,295,88,Action
388. Zoloto Umalty,4.9,108,109,Action
389. Thundu,5.0,903,125,Action
391. Ameena,6.3,18,107,Action
393. Six jours,6.4,99,95,Action
394. Aserb: The Squadron,5.2,301,120,Action
395. The Mick and the Trick,5.0,75,96,Action
397. Texas Twister,2.5,157,88,Action
398. Ghost Killer,7.1,61,105,Action
399. Drive,5.6,319,90,Action
400. Shark Island,4.0,114,81,Action
401. Red vs. Blue: Restoration,5.6,135,85,Action
402. Prepare to Die,4.6,230,93,Action
403. Agastya - Chapter 1,7.0,595,168,Action
404. Gold Raiders,2.0,182,88,Action
408. Angel of the Warrior,8.5,134,90,Action
409. Blade of Fury,6.1,116,90,Action
413. Ape X Mecha Ape: New World Order,2.8,134,87,Action
414. Road Wars: Max Fury,2.0,350,83,Action
415. Nintama Rantaro Dokutake Ninja-tai Saikyou no Gunshi,6.9,15,90,Action
419. Breaking and Re-entering,5.8,438,109,Action
420. The Omicron Killer,2.9,594,98,Action
423. The Firefighters,5.7,168,106,Action
428. Kill Craft,2.3,361,99,Action
431. The Day Everything Changed,7.9,78,97,Action
432. Buying Time,7.0,261,84,Action
433. Rode College,6.6,423,168,Action
434. First Nights at Freddy's,9.3,15,98,Action
437. Buddy,3.9,342,137,Action
438. Yuva,5.8,834,153,Action
441. Kuang Bao Ju Xi,6.1,69,75,Action
443. Aho Vikramaarka,7.4,53,136,Action
444. The Infallibles,4.8,750,99,Action
445. Dragon Ball Z Kai,8.4,67,82,Action
448. Soodhu Kavvum 2: Naatum Naatu Makkalum,3.7,199,129,Action
449. What Happens in Miami,4.3,219,90,Action
450. Kung Fu Games,3.3,376,98,Action
451. Bidurbhai,9.2,377,148,Action
452. Bhaje Vaayu Vegam,6.1,550,136,Action
453. Pusaka,6.4,31,90,Action
454. Sous écrous,5.3,34,111,Action
456. Captain Avispa,5.8,173,96,Action
457. Fyre Rises,6.5,321,110,Action
458. Bull Shark 2,3.0,152,75,Action
459. Bangkok Breaking: Heaven and Hell,5.8,659,146,Action
460. 12 Gaun,6.3,883,147,Action
461. In Tenebras: Into the Darkness,3.3,172,90,Action
462. Sentimentaaal,5.8,971,135,Action
463. Tokusou Sentai Dekaranger 20th: Fireball Booster,7.1,30,50,Action
464. Bonus Trip,4.5,223,113,Action
465. Megdan: Between Water and Fire,5.4,719,106,Action
466. Breaking Tradition,6.9,25,87,Action
467. Spirit Riser,6.7,33,98,Action
468. Rang De Basanti,8.8,144,174,Action
469. Panjab Files,8.0,18,117,Action
472. Kamen Rider 555 20th: Paradise Regained,5.9,141,65,Action
473. Sayen: The Huntress,4.4,253,88,Action
475. Neon Fear,6.1,399,40,Action
476. Bhairadevi,8.8,44,134,Action
477. Dark Fusion,8.5,235,90,Action
479. Bangkok Dog,5.3,110,85,Action
480. Artist Unknown,8.9,13,82,Action
481. Oru Anveshanathinte Thudakkam,7.1,830,181,Action
483. The Evil Three,7.0,877,30,Action
484. Mazhai Pidikatha Manithan,4.5,421,133,Action
487. The Desperate Chase,5.6,55,110,Action
489. Where Is Gilgamesh?,9.0,605,90,Action
490. Gangs of Godavari,5.0,901,165,Action
491. South Side Hero,5.4,36,92,Action
492. How to Make a Werewolf,6.0,136,0,Action
493. Kondal,5.4,765,147,Action
495. Bad Boyz,4.6,606,150,Action
496. Fuuto PI: Portrait of Kamen Rider Skull,7.5,36,82,Action
497. Taklee Genesis x Worlds Collide,5.4,394,146,Action
498. DNA,5.2,209,156,Action
499. Bond of Justice: Kizuna Part I - Encounter,6.1,17,92,Action
500. Touchdown,6.8,13,78,Action
501. Honeko Akabane's Bodyguards,5.9,37,117,Action
503. Formed Police Unit,4.6,474,120,Action
506. The Moon Thieves,6.2,225,108,Action
508. Komandir,6.3,516,131,Action
509. Death Game,6.3,24,88,Action
510. The Traveller,5.2,204,134,Action
512. Deadzone,4.2,34,80,Action
516. Tòkunbò,3.9,291,113,Action
517. Gone with the Dead,4.4,47,96,Action
518. Saint Young Men: Holy Men vs Demon Army,3.0,13,93,Action
519. The Circuit 4: Faith Fighter,4.4,87,90,Action
520. Polar,4.4,28,76,Action
521. Bloodline,9.2,49,80,Action
522. Karma,4.5,17,111,Action
524. Shekko,6.0,545,120,Action
525. Black Storm,6.6,65,97,Action
526. The Last Chainsaw Massacre,3.9,39,75,Action
527. Achilles Curse and the Curse of Treasure,7.4,25,125,Action
528. Kizumonogatari: Koyomi Vamp,7.0,84,144,Action
529. Neo-Dome,6.6,16,15,Action
530. Checkmate,4.3,385,104,Action
532. Chasing Raine,2.3,187,101,Action
533. Mutant,4.5,59,90,Action
534. Mummy Shark,2.0,175,66,Action
536. Hunt the Wicked,5.3,108,102,Action
537. Por,5.0,609,154,Action
538. Hit List,5.5,310,125,Action
539. Mother Mafia,3.3,48,80,Action
540. Kade,6.5,15,92,Action
541. Iddaru,9.1,295,148,Action
544. Kali,5.1,411,96,Action
545. Spider-Man: Final Swing,8.4,10,153,Action
548. Losing Lerato 2,9.1,31,96,Action
549. London Gangsters,4.3,11,104,Action
555. Second Life,6.8,46,105,Action
556. Zénithal,5.3,72,80,Action
559. Transformers Prime: Galavatron's Revenge,3.0,5,104,Action
560. Hain,2.9,45,95,Action
564. Türkler Çildirmis Olmali 2: Mavi Vatan,2.2,155,100,Action
565. Ame no naka no yokujô,5.9,69,132,Action
566. Hakkenden,5.7,74,149,Action
568. Inkabi,4.7,79,101,Action
570. Sumaho o otoshita dake na no ni: Saishusho Final Hacking Game,8.1,15,116,Action
572. Naag Bhoomi,5.7,8,130,Action
573. Yakuza Girl,2.3,66,82,Action
574. Hrashwo Deergha,7.9,80,150,Action
577. Supplier Shankara,9.3,70,163,Action
579. The Worlds Divide,8.0,38,120,Action
580. Dange,5.3,791,154,Action
583. Stranded Pearl,6.0,27,90,Action
584. The Vampire and the Vigilante,3.7,49,75,Action
585. Jorge da Capadócia,6.4,129,119,Action
586. Virunnu,7.9,875,125,Action
588. Itutumba ka ng tatay ko,5.7,29,109,Action
590. Mega Twister,2.3,49,75,Action
591. Love You as the World Ends Final,6.4,37,115,Action
592. Warning 2,7.1,881,125,Action
593. The Captives,3.5,66,73,Action
596. Kamen Rider Gotchard: The Future Daybreak,7.9,69,63,Action
597. 24 Hours to D-Day,4.6,36,83,Action
598. Bheema,5.8,947,148,Action
599. Abudeka Is Back,5.3,33,120,Action
602. Ultraman Blazar the Movie: Tokyo Kaiju Showdown,7.5,84,75,Action
605. Killer Ex,3.9,52,94,Action
607. Bonnie,7.4,33,120,Action
608. Dreams,7.3,7,106,Action
609. Die Chaosschwestern und Pinguin Paul,5.7,66,100,Action
610. Viswam,4.3,631,155,Action
611. Dünya Mali: Eksi Bir,7.2,16,133,Action
612. Star Abyss,3.8,241,86,Action
613. The Alexandrian,3.9,251,104,Action
614. Lie Zhan,6.9,66,93,Action
615. Guy Manley: Super Spy,4.4,117,92,Action
616. Thiragabadara Saami,6.4,96,115,Action
617. Surrender,7.8,15,149,Action
618. Emanet,7.9,30,97,Action
619. The Bodyguard,6.6,29,87,Action
620. Uninvited,6.8,71,93,Action
622. Bloodlust,8.2,11,97,Action
624. Cholo Zombies,4.7,102,96,Action
625. Brattt,4.7,67,117,Action
626. Holy Punch,5.3,42,98,Action
627. Rocky and Bullwinkle,9.1,12,100,Action
628. Rebel,3.1,65,100,Action
629. Roxana,3.9,65,98,Action
630. Pariah Volume 1: Every Street Dog Has a Name,6.8,386,138,Action
632. Election,5.9,808,120,Action
633. Inanimate Insanity II: The Movie,8.4,227,106,Action
634. Death Bitch,7.5,19,88,Action
635. Hide and Seek,8.2,54,130,Action
636. Permafrost,5.7,114,80,Action
638. Marni: The Story of Wewe Gombel,5.9,203,119,Action
639. UmroAyyar - A New Beginning,6.9,671,135,Action
641. Blood Vendetta,7.7,236,90,Action
642. The Burden of Nine Lives,4.8,100,116,Action
644. Athhoi,8.0,133,158,Action
645. Halloween: Mal Eterno,8.2,224,50,Action
647. Dead Hand,4.1,75,92,Action
650. Warrior Awang and Master Tok Gajah,4.6,472,118,Action
"651. Bullets, Brothers and Blood",7.8,13,85,Action
652. Serra das Almas,6.3,10,120,Action
653. Chaari 111,4.8,258,130,Action
654. Firework,6.6,11,60,Action
657. Joshua: Imai Pol Kaka,4.5,585,130,Action
659. Jurassic Exorcist,3.8,22,76,Action
661. Thankamani,4.6,229,156,Action
662. Wonderful Precure! The Movie! Doki Doki Game no Sekai de Daiboken,6.9,31,71,Action
663. Tariq,6.9,15,122,Action
667. Dangerous Boys 2,5.1,9,115,Action
"671. Silex and the City, le film",4.9,50,77,Action
672. Yao Shen Ling,6.7,66,93,Action
674. Gam Gam Ganesha,5.3,309,140,Action
680. Nothing Unusual,9.7,12,92,Action
681. The Escapee 3: The Final Escape,2.6,64,83,Action
682. Kiyma: Orman Kanunlari,4.3,35,81,Action
683. Babu,7.6,182,142,Action
684. The Wild Blade of Strangers,6.2,113,102,Action
685. Too Little Too Late,5.5,8,66,Action
686. Villain - Life of a Gangster,8.9,156,141,Action
689. Krishnamma,6.2,364,138,Action
692. The Bottom Line,7.0,10,107,Action
693. Telekinesis,5.9,60,106,Action
694. Surge of Power: Where There's Smoke,6.5,13,68,Action
695. Sacrum Vindictae II,4.5,13,114,Action
696. The Yoshi Movie,7.7,12,105,Action
699. Shadows of Betrayal: Chronicles of Ian Blair,7.3,12,65,Action
703. The Drunken Prodigy,5.6,15,107,Action
707. El Duro,5.9,12,90,Action
708. Dhaaak,8.6,24,128,Action
710. Hell City,9.1,26,90,Action
711. Raja 420,6.1,21,81,Action
713. Played,6.2,11,96,Action
718. E-mail,5.4,805,119,Action
720. Hope & Glory,6.6,142,44,Action
722. Appu,8.6,181,92,Action
725. Useful Idiots,8.0,15,92,Action
727. Dr. Jason II - Lights & Shadows,5.3,295,62,Action
730. Kamen Rider Geats: Jyamato Awaking,7.9,71,54,Action
731. Joachim and the Apocalypse,7.2,13,90,Action
736. Jigar,7.1,18,122,Action
737. The SML YTP Movie 2: Dimension Trouble,8.3,13,94,Action
740. Rock 'n' Roll Ringo,6.4,52,101,Action
742. Dark World,4.6,15,135,Action
743. Operation Star,7.6,23,102,Action
745. Di Renjie: Tongtian xuan an,7.2,16,85,Action
746. Kill the Children first,7.8,26,106,Action
747. Max Beyond,6.6,17,93,Action
748. Marine Drive,9.5,49,105,Action
750. Shri Swapankumarer Badami Hyenar Kobole,5.6,324,146,Action
752. Faster: Only one lap,7.1,23,90,Action
753. Mobile Suit Gundam: Silver Phantom,6.1,13,90,Action
757. Ohsama Sentai King-Ohger vs. Donbrothers,6.8,36,26,Action
759. Break War,2.4,14,86,Action
760. Genis Aile 4: Cevahir & Ulvi,6.9,53,90,Action
764. Oversteer,4.9,18,86,Action
765. Fights Break Sphere 3,4.7,8,81,Action
766. Sith Wars: Episódio III - Fantasmas Dos Sith,8.6,114,99,Action
769. Re Xue Ran Shao,4.2,17,113,Action
771. Tranquility: Ghost Stories,7.6,53,88,Action
774. Shockwaves 2,2.8,147,79,Action
776. Klaantha,6.2,518,107,Action
779. Operation Wakaliga: Fate and Blood,6.7,11,66,Action
781. The Mystery of Humanoid Puppet,6.7,60,88,Action
782. Chinatown Chacha,5.1,54,103,Action
784. Opportunity,8.9,90,96,Action
786. Bullet,9.1,568,131,Action
788. GATAO: Like Father Like Son,6.8,66,100,Action
793. SMB-plush presents trick or death,8.8,16,120,Action
796. Blocking the Horse,6.4,11,94,Action
798. Charlotte Link - Ohne Schuld,5.5,41,89,Action
801. Joy Hanu Man,8.9,25,143,Action
803. Seven Heroes Beat the Monster,6.8,51,89,Action
804. The Kills,8.8,8,70,Action
806. Zhi Bao,5.7,17,100,Action
807. Battling to Survive,7.0,53,74,Action
813. Revenge,1.6,37,127,Action
817. Pushpaka Vimanam,5.6,16,137,Action
820. Guxim,7.7,34,75,Action
822. Cândido,6.3,58,99,Action
823. Wilhelm Gustloff,8.7,8,110,Action
824. Kreem,6.8,128,115,Action
828. Death Game,5.2,14,87,Action
835. The Journey of Flower,3.9,25,97,Action
836. Mirg,6.3,35,83,Action
837. Day of the Diesels,7.2,9,100,Action
839. The Delegator,4.2,17,96,Action
843. Ugravatara,7.9,552,122,Action
848. StarGazer: The Need of the Many,5.0,9,47,Action
850. Reeza GTR,7.4,14,91,Action
852. Vi possiamo salvare,2.7,103,89,Action
854. Urban Vengeance,5.2,11,79,Action
858. Crypto Storm,4.7,32,101,Action
859. The Deal,8.8,25,130,Action
862. The Correct Way of Youth,9.3,782,90,Action
863. Vorovka,4.9,49,90,Action
864. Pungut,6.7,11,100,Action
865. Cholay,8.7,54,60,Action
866. Me and the Dragon's Daughter,5.2,10,75,Action
868. Agent 86,6.7,6,87,Action
873. Abnormal: Buas,5.6,26,90,Action
875. The Very Last Christmas,8.5,12,75,Action
877. Common Creed: Trafficking,6.7,8,106,Action
882. Sehnsucht nach Firdaws,8.5,6,103,Action
884. Bloody Escape,6.1,25,100,Action
887. Kohinoor,8.1,22,119,Action
890. Xiao zi,3.5,12,101,Action
893. La Tamalera,8.2,9,115,Action
896. Krapiva: Tsvetok smerti,6.0,48,81,Action
900. Heavens: The Boy and His Robot,6.3,21,98,Action
902. Inherited,9.5,21,76,Action
910. Best Cop Ever,4.3,49,122,Action
918. Yentha Panichesav Chanti,9.5,85,135,Action
919. Inexternal,3.2,19,83,Action
922. The Overseas Killer,6.4,52,104,Action
923. Atu Nuvve Itu Nuvve,7.0,11,123,Action
924. Rooban,6.5,281,125,Action
925. Mr. Natwarlal,7.6,778,130,Action
926. Rudra: The Beginning,9.4,38,135,Action
932. Piri Reis: The Incredible Chart,6.8,21,138,Action
938. Dhil Raja,8.7,136,106,Action
945. Siete Vidas - El Levanton,9.6,5,45,Action
947. Isle: Alpha One,8.4,7,97,Action
949. The Domino File,4.7,7,102,Action
951. Hocus Focus,7.9,19,85,Action
953. Be Forever Yamato: Rebel 3199: Part 1: Dark Invasion,7.0,9,50,Action
959. Daanvi,1.7,7,117,Action
961. Gull Lake Vice II: The Delusion Continues,8.2,16,58,Action
967. Jimmy's Friends,7.0,10,94,Action
968. Framed,4.8,68,0,Action
973. Skhvatka,5.2,23,107,Action
"974. La Protegida, La Película",9.3,16,67,Action
980. Travesty,6.4,5,78,Action
982. The Mirage,8.9,10,106,Action
986. AK47,7.2,14,146,Action
987. Kaale Angrej,5.5,17,131,Action
990. Happy Dragons,4.9,9,97,Action
992. Mahserin Üç Delisi,5.9,16,78,Action
998. Speed Fight,6.8,52,87,Action
1002. Passazhiry,4.6,31,80,Action
1003. El Junior Del Patron,7.9,7,92,Action
1004. Kyle and the Last Emerald 2,8.4,7,15,Action
1006. Bad Ass Sista,6.9,8,80,Action
1009. Kyle and the Last Emerald,5.6,17,20,Action
1011. Opasni shmatki,5.2,18,92,Action
1013. Out of the Shadow,6.5,6,89,Action
1014. Jiwa 8 Belas,5.0,19,86,Action
1026. Po du xing dong,6.8,5,79,Action
1032. Combat Code: Hunt,7.4,17,76,Action
1033. Sathyam,7.1,8,134,Action
1034. Full Clip for a Snitch,3.9,18,75,Action
1060. The Vent,8.9,14,3,Action
1068. War with the Evil,6.3,52,85,Action
1069. Pithala Maathi,7.8,848,140,Action
1073. Leha,2.3,42,98,Action
1087. Sesh Bazi,6.2,10,132,Action
1098. El Cartel De Teresa,8.0,9,96,Action
1100. Janna Endoro,8.1,15,120,Action
1109. The End of Hen,9.7,9,67,Action
1117. Give Me Babies,6.7,6,23,Action
1121. Mandya Haida,6.2,236,139,Action
1125. Zen Fist,7.2,8,45,Action
1130. Luna de Hiel,6.0,9,83,Action
1133. The Winter Prophecy,7.9,13,52,Action
1138. Duelo De Capos,7.2,17,83,Action
1143. Los Hijos De Camelia y Emilio,7.1,17,82,Action
1148. Runnin' from Wolves,7.2,10,133,Action
1156. Bush Knife,7.0,7,90,Action
1165. Anger,8.8,18,83,Action
1167. Whispers of the Imperial City,6.8,53,90,Action
1208. Las Hermanas Del Cartel,8.2,5,91,Action
1215. Captain Superb and the Angel of Destiny,3.6,12,120,Action
1226. Spider-Man: Dimension Rift,8.4,13,127,Action
1233. No Man Standing,8.6,11,93,Action
1244. Jefa De Jefas,8.2,9,82,Action
1258. Lealtad o Morir,8.2,9,87,Action
1262. PW V: Tears of the Fallen,8.2,11,60,Action
1298. Gadha17,8.0,11,90,Action
1303. Bring Back the Colour,5.9,7,47,Action
1317. Killer Lee,1.9,9,87,Action
26. Freaky Tales,6.4,425,106,Adventure
40. Chuck Billy and the Marvelous Guava Tree,7.5,833,90,Adventure
47. Night of the Zoopocalypse,6.3,380,91,Adventure
48. Hitpig,5.1,890,86,Adventure
51. The Unholy Trinity,7.9,49,93,Adventure
52. Raqa,5.7,163,107,Adventure
57. Overlord: The Sacred Kingdom,7.0,816,135,Adventure
60. Buffalo Kids,6.6,660,93,Adventure
64. Anaconda,4.9,612,84,Adventure
70. Noah's Ark,4.3,636,96,Adventure
73. A Sloth Story,5.6,196,90,Adventure
77. One Million Babes BC,2.2,76,75,Adventure
85. The Twisters,2.6,320,86,Adventure
89. A Legend,4.7,874,129,Adventure
92. Operation Blood Hunt,3.5,469,93,Adventure
94. Lumina,2.1,656,113,Adventure
97. The Last Ronin,4.8,557,115,Adventure
98. Autumn and the Black Jaguar,5.6,984,100,Adventure
100. Bambi: A Tale of Life in the Woods,5.7,158,78,Adventure
103. Unspeakable: Beyond the Wall of Sleep,5.6,41,90,Adventure
105. The Lost Tiger,7.8,43,90,Adventure
107. Saint-Exupéry,5.5,248,98,Adventure
110. No Chains No Masters,6.4,494,98,Adventure
112. Crayon Shin-chan: Ora's Dinosaur Diary,6.5,329,106,Adventure
113. Eat the Night,6.2,432,106,Adventure
114. Man and Witch: The Dance of a Thousand Steps,5.5,327,94,Adventure
115. Dongeng Sang Kancil,6.8,118,99,Adventure
116. Roadkill,3.7,676,90,Adventure
118. WWII: Operation Phoenix,6.3,68,106,Adventure
119. War of the Worlds: Extinction,3.0,194,84,Adventure
120. Robin and the Hoods,4.4,508,100,Adventure
121. Spiders on a Plane,5.3,370,78,Adventure
122. Escape from the 21st Century,6.5,843,98,Adventure
124. Devil's Knight,5.4,786,90,Adventure
126. The Slave and the Sorcerer,6.6,39,86,Adventure
128. Gracie and Pedro: Pets to the Rescue,5.1,262,87,Adventure
129. All for One,1.2,621,97,Adventure
130. Rebellious,6.0,178,94,Adventure
132. Storm Crashers,6.3,554,88,Adventure
133. Planetquake,3.0,286,85,Adventure
134. Rally Caps,5.5,136,100,Adventure
135. Never Look Away,7.2,254,85,Adventure
136. Going Viral,6.8,51,90,Adventure
137. The Keepers of the 5 Kingdoms,4.0,218,109,Adventure
138. My Freaky Family,6.4,393,86,Adventure
140. Barroz: Guardian of Treasures,3.5,984,155,Adventure
141. School of Magical Animals 3,5.9,307,105,Adventure
142. Meanwhile on Earth,6.0,892,89,Adventure
143. Return to Wickensburg,5.0,27,88,Adventure
144. Treasure Trackers,5.8,159,92,Adventure
145. Earthquake Underground,3.3,192,83,Adventure
146. Diplodocus,6.4,165,90,Adventure
148. The Last of Us: Immunity,5.8,14,64,Adventure
149. Cells at Work!,6.8,175,109,Adventure
150. Little Emma,5.7,104,106,Adventure
151. A Trip Elsewhere,5.6,100,93,Adventure
153. The Mountain,6.6,155,89,Adventure
154. Dalia y el Libro Rojo,6.4,72,107,Adventure
155. The Kingdom,7.9,86,133,Adventure
156. The Forest,6.3,47,77,Adventure
157. Gladiators,6.4,38,95,Adventure
158. Pimpinero: Blood and Oil,5.6,544,121,Adventure
159. Marianengraben,7.6,77,87,Adventure
163. No Time to Spy: A Loud House Movie,6.4,441,81,Adventure
164. Big City Greens the Movie: Spacecation,6.2,537,83,Adventure
165. Panda Bear in Africa,5.5,316,84,Adventure
166. The Casagrandes Movie,5.6,661,89,Adventure
167. The Epidemic,5.8,69,95,Adventure
168. Bureau 749,4.1,506,123,Adventure
169. Ahl Al Kahf,5.2,255,120,Adventure
170. Dünya Varmis,7.4,50,100,Adventure
171. Elli and the Ghostly Ghost Train,5.0,94,86,Adventure
172. Satu - Year of the Rabbit,9.3,53,93,Adventure
173. Witch Hunter,5.2,23,80,Adventure
174. Odio el verano,5.1,557,103,Adventure
175. Memes & Nightmares,5.7,82,81,Adventure
177. Mobile Suit Gundam SEED Freedom,6.6,941,124,Adventure
178. The Phantom Warrior,2.4,554,119,Adventure
179. Shrek 5: The Contract - A Fan Made Film,7.0,18,84,Adventure
180. My Fathers' Daughter,6.6,71,78,Adventure
181. Empire Queen: The Golden Age of Magic,3.2,204,148,Adventure
182. Letuchiy korabl,3.8,293,100,Adventure
183. Kodaikanal,9.2,68,173,Adventure
184. Game On,2.6,350,85,Adventure
185. Ghost Island,7.1,44,95,Adventure
186. Amazon Bullseye,5.3,189,113,Adventure
187. Its Name Was Mormo,3.7,114,93,Adventure
189. Next to Us,4.9,221,125,Adventure
190. Bremenskie muzykanty,4.6,664,115,Adventure
191. Niko: Beyond the Northern Lights,6.2,319,86,Adventure
192. Zoloto Umalty,4.9,108,109,Adventure
193. Teenz,4.4,862,122,Adventure
194. Diving Into the Darkness,9.1,82,96,Adventure
195. Trifole,7.7,50,100,Adventure
196. Kalvan,5.6,985,142,Adventure
197. Seven Seas Seven Hills,8.7,88,90,Adventure
198. Si Juki the Movie: Harta Pulau Monyet,6.0,115,107,Adventure
"199. Maya, donne-moi un titre",6.4,48,61,Adventure
200. At Her Feet,7.5,41,100,Adventure
201. Oculus,6.0,15,113,Adventure
203. Zak & Wowo: The Legend of Lendarys,5.7,92,85,Adventure
204. Yolki 11,4.7,165,92,Adventure
205. Road Wars: Max Fury,2.0,350,83,Adventure
206. Nintama Rantaro Dokutake Ninja-tai Saikyou no Gunshi,6.9,15,90,Adventure
207. Tri kota. Zimnie kanikuly,6.4,28,65,Adventure
208. Fox & Hare Save the Forest,5.9,196,71,Adventure
209. Daye: Seret ahl el Daye,7.8,15,104,Adventure
212. Dead Dead Demon's Dededede Destruction,7.0,141,120,Adventure
214. Kvitebjørn,5.9,54,85,Adventure
219. Buddy,3.9,342,137,Adventure
220. Vertical,5.2,124,111,Adventure
221. Dragon Ball Z Kai,8.4,67,82,Adventure
222. Håkan Bråkan 2,5.3,131,92,Adventure
223. Turma da Mônica Jovem: Reflexos do Medo,2.8,257,88,Adventure
224. Vikaasaparva,8.5,541,134,Adventure
225. Captain Avispa,5.8,173,96,Adventure
226. Yaren Leylek,5.9,26,95,Adventure
227. Stinky Summer,5.8,48,90,Adventure
228. Tokusou Sentai Dekaranger 20th: Fireball Booster,7.1,30,50,Adventure
229. Five Friends,6.7,872,112,Adventure
230. Troy the Bharat Putra,5.5,31,134,Adventure
231. Baba Yaga spasaet Novyy god,4.4,114,99,Adventure
232. Spirit Riser,6.7,33,98,Adventure
233. Jurassic Triangle,2.5,277,84,Adventure
234. The Star City Murders,4.1,141,79,Adventure
235. Bull Shark 3,3.6,76,76,Adventure
236. Un lío de millones,6.0,50,91,Adventure
237. Historia de pastores,5.6,30,80,Adventure
238. Mong Vuot,5.2,121,96,Adventure
239. Fuuto PI: Portrait of Kamen Rider Skull,7.5,36,82,Adventure
240. Taklee Genesis x Worlds Collide,5.4,395,146,Adventure
241. Luigi's Mansion,6.0,17,60,Adventure
242. Formed Police Unit,4.6,474,120,Adventure
245. This Land of Mine,8.0,5,90,Adventure
247. Death Game,6.3,24,88,Adventure
248. Powder Pup,6.2,76,89,Adventure
249. The Traveller,5.2,204,134,Adventure
251. Tay 2: Ebabil Takimi,5.3,37,78,Adventure
252. Birds Flying East,5.8,563,100,Adventure
253. The Big Trip 3: Race Around the World,5.7,55,85,Adventure
254. Oscar Wilde About America,3.0,10,98,Adventure
255. Sunlight,7.9,17,96,Adventure
256. Six Nine Five (695),7.0,705,137,Adventure
257. Masha i Medved v kino: Park chudes,7.6,17,58,Adventure
258. Kade,6.5,15,92,Adventure
260. Gepack,6.6,360,97,Adventure
262. Tipppsy,8.1,32,115,Adventure
264. Transformers Prime: Galavatron's Revenge,3.0,5,104,Adventure
265. Hain,2.9,45,95,Adventure
267. The Adventures of Jurassic Pet: Return to the Wild,5.5,56,90,Adventure
268. Friendly Fire,6.6,31,105,Adventure
270. Goldbeak,4.9,129,94,Adventure
271. The Worlds Divide,8.0,38,120,Adventure
272. Sam and Colby: The Legends of the Paranormal,4.8,304,98,Adventure
273. Stranded Pearl,6.0,27,90,Adventure
274. The Trail,7.2,20,80,Adventure
275. Steal the Naughty List,6.5,117,90,Adventure
277. Arctic Hollow,2.3,179,70,Adventure
278. Abudeka Is Back,5.3,33,120,Adventure
280. Ognivo,5.5,220,105,Adventure
281. Tracing the Divide,8.8,168,84,Adventure
283. LasseMajas detektivbyrå - Maskoten som försvann,6.0,54,90,Adventure
287. Tulang Belulang Tulang,7.0,43,95,Adventure
288. Dreams,7.6,8,106,Adventure
289. Tri bogatyrya. Ni dnya bez podviga,5.7,63,61,Adventure
290. Kaizen,7.3,643,160,Adventure
291. Die Chaosschwestern und Pinguin Paul,5.7,66,100,Adventure
292. Dünya Mali: Eksi Bir,7.2,16,133,Adventure
293. Cazatesoros,6.6,25,106,Adventure
294. Manyunya. Priklyucheniya v derevne,5.9,116,84,Adventure
295. Chernyy zamok,7.8,17,115,Adventure
296. Benjamin Bat,8.1,28,75,Adventure
299. Z-Mom,4.7,43,90,Adventure
300. Mesken (Messuage),7.5,37,102,Adventure
301. Rocky and Bullwinkle,9.1,12,100,Adventure
302. Dikkie Dik 2: Een Nieuwe Vriend voor Dikkie Dik,7.4,72,70,Adventure
303. Permafrost,5.7,114,80,Adventure
304. The Secret of Pin-Up Island,7.4,92,107,Adventure
"306. Fallen Leaves, Broken Lighters",7.7,7,96,Adventure
307. My Redneck Neighbor: Chapter 1 - The Rednecks Are Coming,5.0,7,74,Adventure
308. The Eye of the Salamander,7.9,20,81,Adventure
310. Warrior Awang and Master Tok Gajah,4.6,472,118,Adventure
312. Xibalba Monster,6.4,23,76,Adventure
314. Bratya,2.8,117,103,Adventure
315. Mai Martaba,4.9,10,86,Adventure
317. Wonderful Precure! The Movie! Doki Doki Game no Sekai de Daiboken,6.9,31,71,Adventure
318. Dikkie Dik en de Verdwenen Knuffel,7.2,129,62,Adventure
319. Pui Pui Molcar the Movie: Molmax,7.0,7,69,Adventure
"321. Silex and the City, le film",4.9,50,77,Adventure
322. Moy dikiy drug,6.6,54,100,Adventure
324. Lo carga el diablo,7.6,22,104,Adventure
325. Güzel Bir Rüya,4.9,41,79,Adventure
326. Askepote,3.5,80,72,Adventure
328. Nothing Unusual,9.7,12,92,Adventure
331. Manyunya. Priklyucheniya v Moskve,5.8,109,87,Adventure
332. Kiyma: Orman Kanunlari,4.3,35,81,Adventure
333. Advent,7.5,6,119,Adventure
335. Piraty galaktiki Barrakuda,4.5,80,92,Adventure
338. Igrisca ne damo!,6.9,26,79,Adventure
339. Surge of Power: Where There's Smoke,6.5,13,68,Adventure
340. Shanghai Story,8.1,56,71,Adventure
341. The Yoshi Movie,7.7,12,105,Adventure
343. Shadows of Betrayal: Chronicles of Ian Blair,7.3,12,65,Adventure
345. The Umbrella Fairy,5.6,49,95,Adventure
346. Jaunt,8.4,7,78,Adventure
347. Hope & Glory,6.6,142,44,Adventure
348. Longe da Estrada,6.0,9,68,Adventure
349. Appu,8.6,181,92,Adventure
350. Oyunda Kal: Eglence Arenasi,2.7,35,92,Adventure
351. No More Trouble - Cosa rimane di una tempesta,8.4,18,97,Adventure
352. Joachim and the Apocalypse,7.2,13,90,Adventure
353. Bar MoskvaChiki,5.2,101,91,Adventure
354. Samaya bolshaya luna,2.4,128,105,Adventure
355. Mama,8.5,7,100,Adventure
356. Two Breaths,8.2,22,18,Adventure
359. BAM!,6.9,28,80,Adventure
360. Triple 7: They Said It Couldn't Be Done,8.5,13,97,Adventure
363. Mobile Suit Gundam: Silver Phantom,6.1,13,90,Adventure
365. Il ricercatore,5.8,7,71,Adventure
367. Adam i Eva,5.1,93,95,Adventure
368. Fights Break Sphere 3,4.7,8,81,Adventure
369. Dead Dead Demon's Dededede Destruction Zenpen,7.0,137,120,Adventure
370. Petualangan Anak Penangkap Hantu,6.0,24,99,Adventure
371. Mountain Boy,8.2,17,93,Adventure
372. The Backrooms,6.2,7,63,Adventure
374. Operation Wakaliga: Fate and Blood,6.7,11,66,Adventure
375. Yasmeen's Element,7.6,20,76,Adventure
376. The Ballad of Straw Hat Sam,9.2,10,45,Adventure
377. Tur s Ivanushkami,5.3,158,111,Adventure
379. The Last Five Days: The Freak Building,3.8,58,61,Adventure
380. Pirates & Slaves,5.8,6,53,Adventure
382. Vasilisa i khraniteli vremeni,3.2,66,98,Adventure
383. Antarctic Voyage,6.8,6,48,Adventure
384. De Legende van Familie Vos,5.7,58,81,Adventure
386. Cândido,6.3,58,99,Adventure
388. Wilhelm Gustloff,8.7,8,110,Adventure
390. Suchana,9.0,527,90,Adventure
392. A Christmas Carol,9.8,11,39,Adventure
393. StarGazer: The Need of the Many,5.0,9,47,Adventure
398. Novyy god v Beryozovke,7.1,99,94,Adventure
399. Banana Boat,5.7,20,78,Adventure
401. Poklad,4.5,36,100,Adventure
406. The Blinkless,7.8,12,59,Adventure
407. The Very Last Christmas,8.5,12,75,Adventure
408. Sehnsucht nach Firdaws,8.5,6,103,Adventure
410. Anytime,8.9,20,62,Adventure
"411. Poymay sobaku, esli smozhesh",3.5,36,96,Adventure
412. Luccas e Gi em: Dinossauros,3.5,27,91,Adventure
413. Goodbye Hamdi,6.2,8,85,Adventure
416. Heavens: The Boy and His Robot,6.3,21,98,Adventure
420. V potoke trekh stikhiy,5.3,41,85,Adventure
421. YA - medved,5.0,61,97,Adventure
424. Piri Reis: The Incredible Chart,6.8,21,138,Adventure
425. Príncipe Lu e a Lenda do Dragão,4.2,27,90,Adventure
427. Tayna Chyornoy Ruki,5.7,23,84,Adventure
428. Isle: Alpha One,8.4,7,97,Adventure
429. Frankenstein Theater: The Magic Sword,4.4,22,82,Adventure
433. The Bigfoot Prophecy,4.8,23,117,Adventure
435. Boom!,8.3,10,90,Adventure
437. Moy lyubimyy chempion,2.2,419,95,Adventure
439. Wonderland,6.8,12,120,Adventure
440. Mukhadrakon,5.3,17,109,Adventure
443. Dracu Ra,5.5,34,106,Adventure
444. Let's Go! Anpanman: Baikinman and Lulun,6.5,7,64,Adventure
446. Turbozavry. God drakona,9.2,43,48,Adventure
447. Kyle and the Last Emerald 2,8.4,7,15,Adventure
455. Dandelion,8.9,9,95,Adventure
460. LUDA,7.2,6,86,Adventure
466. Chyortov kamen,6.4,9,105,Adventure
468. Suvorovets 1944,5.6,8,90,Adventure
479. Abar Arownne Din Ratri,7.8,7,111,Adventure
482. The Kingfish 2,7.9,10,72,Adventure
485. Beyond existence,5.8,10,95,Adventure
488. Ngesot,4.8,18,87,Adventure
492. Whites Only: Ade's Extremist Adventure,7.0,27,65,Adventure
501. I'm Professional,3.7,8,95,Adventure
503. Mortadella,8.4,6,90,Adventure
504. Skazochnyy patrul. Shou prodolzhayetsya,7.2,11,65,Adventure
511. Colour Palette,9.0,23,87,Adventure
514. Gostya iz kosmosa,8.5,6,70,Adventure
516. Applepictures the Poseidon Legacy,6.4,19,84,Adventure
530. Selebryata,3.8,20,93,Adventure
543. Lajjpal,9.0,8,252,Adventure
574. PW V: Tears of the Fallen,8.2,11,60,Adventure
589. Beyaz Zenciler: Yapim Asamasi,8.6,5,55,Adventure
593. Okhota na russkogo geniya,5.3,11,71,Adventure
17. Spermageddon,5.8,724,80,Animation
22. Night of the Zoopocalypse,6.3,380,91,Animation
23. Hitpig,5.1,890,86,Animation
29. Overlord: The Sacred Kingdom,7.0,816,135,Animation
30. The Most Precious of Cargoes,7.1,811,81,Animation
33. Buffalo Kids,6.6,660,93,Animation
35. Noah's Ark,4.3,636,96,Animation
38. A Sloth Story,5.6,196,90,Animation
40. The Colors Within,7.1,894,101,Animation
49. Limonov: The Ballad of Eddie,6.0,761,138,Animation
53. The Lost Tiger,7.8,43,90,Animation
55. Mars,8.9,20,84,Animation
56. Johnny Puff: Secret Mission,4.8,442,87,Animation
58. Crayon Shin-chan: Ora's Dinosaur Diary,6.5,329,106,Animation
60. The Night Before Christmas in Wonderland,6.3,511,80,Animation
61. From Ground Zero,7.9,514,112,Animation
62. Sanatorium Under the Sign of the Hourglass,5.4,104,75,Animation
63. Dongeng Sang Kancil,6.8,118,99,Animation
64. Exorcism Chronicles: The Beginning,7.3,88,85,Animation
65. Ryan's World the Movie: Titan Universe Adventure,1.8,676,80,Animation
67. Lesbian Space Princess,8.0,107,87,Animation
69. Given 3: To the Sea,9.0,24,80,Animation
70. Savages,6.8,305,87,Animation
71. Gracie and Pedro: Pets to the Rescue,5.1,262,87,Animation
73. Rebellious,6.0,178,94,Animation
75. Storm Crashers,6.3,554,88,Animation
76. Ghost Cat Anzu,6.5,741,97,Animation
78. My Freaky Family,6.4,393,86,Animation
79. Super-Charlie,5.8,112,80,Animation
80. Diplodocus,6.4,165,90,Animation
81. Little Emma,5.7,104,106,Animation
82. Dalia y el Libro Rojo,6.4,72,107,Animation
83. I Am What I Am 2,7.5,195,134,Animation
85. White Snake: Afloat,6.9,451,133,Animation
86. No Time to Spy: A Loud House Movie,6.4,441,81,Animation
87. Big City Greens the Movie: Spacecation,6.2,537,83,Animation
88. Panda Bear in Africa,5.5,316,84,Animation
89. Living Large,7.7,105,80,Animation
90. The Casagrandes Movie,5.6,661,89,Animation
91. The Quintessential Quintuplets Specials 2,7.0,119,46,Animation
92. Boys Go to Jupiter,6.9,92,90,Animation
94. Elli and the Ghostly Ghost Train,5.0,94,86,Animation
95. Boonie Bears: Time Twist,6.0,164,105,Animation
96. Mobile Suit Gundam SEED Freedom,6.6,941,124,Animation
97. Shrek 5: The Contract - A Fan Made Film,7.0,18,84,Animation
98. Movie Given Hiiragi Mix.,7.4,151,70,Animation
99. Heartsping : Teenieping of Love,7.0,23,0,Animation
100. Rock Bottom,7.0,41,86,Animation
101. Sabbath Queen,8.0,61,105,Animation
103. Hola Frida,7.3,25,82,Animation
104. Niko: Beyond the Northern Lights,6.2,319,86,Animation
105. Out of the Nest,7.3,106,84,Animation
106. Bocchi the Rock! Re:,7.5,152,90,Animation
"108. Die Heinzels: Neue Mützen, Neue Mission",6.5,76,76,Animation
109. Si Juki the Movie: Harta Pulau Monyet,6.0,115,107,Animation
"110. Maya, donne-moi un titre",6.4,48,61,Animation
111. Mustafa,6.9,72,75,Animation
112. Zak & Wowo: The Legend of Lendarys,5.7,92,85,Animation
113. Yumi's Cells: The Movie,6.2,49,93,Animation
114. Luntik. Vozvrashchenie domoy,6.4,74,0,Animation
115. Nintama Rantaro Dokutake Ninja-tai Saikyou no Gunshi,6.9,15,90,Animation
116. Slocum et moi,7.4,69,75,Animation
117. Tri kota. Zimnie kanikuly,6.4,28,65,Animation
118. Fox & Hare Save the Forest,5.9,196,71,Animation
119. Dead Dead Demon's Dededede Destruction,7.0,141,120,Animation
120. Uma Musume: Pretty Derby - Beginning of a New Era,7.4,111,108,Animation
121. Kvitebjørn,5.9,54,85,Animation
122. PAPmusic - Animation for Fashion,1.0,131,85,Animation
124. Peppa's Cinema Party,5.1,153,65,Animation
125. Dragon Ball Z Kai,8.4,67,82,Animation
126. Olivia & the Clouds,7.3,46,81,Animation
127. Captain Avispa,5.8,173,96,Animation
130. Fuuto PI: Portrait of Kamen Rider Skull,7.5,36,82,Animation
131. Bocchi the Rock! Re: Re:,8.0,94,77,Animation
"132. Robotia, the Movie",7.7,25,86,Animation
134. Schirkoa: In Lies We Trust,5.6,158,103,Animation
135. The Proud Princess,7.1,106,84,Animation
136. Tay 2: Ebabil Takimi,5.3,37,78,Animation
137. The Big Trip 3: Race Around the World,5.7,55,85,Animation
138. Quo Vadis,6.6,332,90,Animation
139. Fureru,6.4,23,107,Animation
140. Kizumonogatari: Koyomi Vamp,7.0,84,144,Animation
141. Nie Xiaoqian,6.4,16,112,Animation
142. Masha i Medved v kino: Park chudes,7.6,17,58,Animation
143. Jon Vardar protiv Galaksijata,8.5,66,86,Animation
144. Mariposas Negras,7.1,48,83,Animation
145. The Storm,6.1,138,102,Animation
146. Rafadan Tayfa: Kapadokya,6.6,116,84,Animation
147. Transformers Prime: Galavatron's Revenge,3.0,5,104,Animation
148. Goldbeak,4.9,129,94,Animation
149. The Worlds Divide,8.0,38,120,Animation
150. Steal the Naughty List,6.5,117,90,Animation
151. Angelo dans la forêt mystérieuse,6.0,112,81,Animation
153. Le parfum d'Irak,8.1,41,95,Animation
154. A Few Moments of Cheers,7.3,25,68,Animation
155. Maxxie LaWow: Drag Super-shero,8.9,55,114,Animation
158. Norbert,6.6,11,75,Animation
159. Kuramerukagari,5.8,80,61,Animation
160. Into the Mortal World,6.8,143,118,Animation
161. SuperKlaus,4.3,200,88,Animation
162. Tri bogatyrya. Ni dnya bez podviga,5.7,63,61,Animation
164. Trapezium,6.4,143,102,Animation
165. Benjamin Bat,8.1,28,75,Animation
167. Rocky and Bullwinkle,9.1,12,100,Animation
168. Il segreto di Liberato,7.3,215,90,Animation
169. Inanimate Insanity II: The Movie,8.4,227,106,Animation
170. Dikkie Dik 2: Een Nieuwe Vriend voor Dikkie Dik,7.4,72,70,Animation
171. Abá e Sua Banda,7.9,7,84,Animation
175. Transformers: 40th Anniversary Event,7.2,28,96,Animation
176. Riki Rhino: The Bird Kingdom,4.8,23,109,Animation
177. TWST: Things We Said Today,6.9,43,86,Animation
179. Hello My Beautiful Creatures,6.8,170,142,Animation
180. Wonderful Precure! The Movie! Doki Doki Game no Sekai de Daiboken,6.9,31,71,Animation
181. Dikkie Dik en de Verdwenen Knuffel,7.2,129,62,Animation
182. Pui Pui Molcar the Movie: Molmax,7.0,7,69,Animation
"183. Silex and the City, le film",4.9,50,77,Animation
185. Askepote,3.5,80,72,Animation
186. Nothing Unusual,9.7,12,92,Animation
191. The Umbrella Fairy,5.6,49,95,Animation
192. Motu Patlu & The Race to the Diamond Valley,7.8,27,72,Animation
194. Appu,8.6,181,92,Animation
195. Uma & Haggen: Mitos,7.5,46,94,Animation
197. Bob a Bobek ve filmu: Na stope Mrkvojeda,8.7,18,80,Animation
198. Formula vody,4.5,27,86,Animation
199. Love Live! Nijigasaki High School Idol Club Final Chapter Part 1,7.0,10,59,Animation
200. Max Beyond,6.6,17,93,Animation
201. Mobile Suit Gundam: Silver Phantom,6.1,13,90,Animation
202. Code Geass: Rozé of the Recapture - Part 1,7.7,41,74,Animation
204. Animal Tales of Christmas Magic,6.8,50,72,Animation
205. Rocket Club: Across the Cosmos,8.4,19,68,Animation
206. Dead Dead Demon's Dededede Destruction Zenpen,7.0,137,120,Animation
207. Meitantei Conan Bâsasu Kaitô Kiddo,6.2,154,81,Animation
208. Code Geass: Rozé of the Recapture: Part 2,8.0,27,76,Animation
209. Motu Patlu & The Rise of Zombies,6.6,15,74,Animation
210. The Ballad of Straw Hat Sam,9.2,10,45,Animation
213. Woolina and the No Birds,8.6,42,80,Animation
214. Lilla spöket Laban spökar igen,6.1,24,44,Animation
215. The Greatest Surf Movie in the Universe,5.4,8,81,Animation
218. Astra,6.8,8,80,Animation
220. Pleasant Goat and Big Big Wolf: The World Guardians,7.2,12,96,Animation
221. Ya Boy Kongming! Road to Summer Sonia,7.5,39,119,Animation
"222. Hey, Tete",6.4,9,151,Animation
223. Day of the Diesels,7.2,9,100,Animation
224. The Delegator,4.2,17,96,Animation
225. Gujeyeog-eseo sal-a dol-aon dwaeji,5.2,5,105,Animation
228. Bizarros Peixes das Fossas Abissais,8.4,8,75,Animation
231. Tobias and the Arcane Merchant,9.0,43,167,Animation
234. Bloody Escape,6.1,25,100,Animation
237. Sirds likums,6.8,17,65,Animation
238. Arne Alligator och djungelkompisarna,4.6,48,61,Animation
239. Zuzubalândia: O Filme,5.6,10,60,Animation
241. Code Geass: Rozé of the Recapture: Part 3,7.6,24,76,Animation
242. Terra Incognita 1901,9.2,14,78,Animation
249. The Car Acrobatic Team Saga,8.0,9,112,Animation
250. Ugly Sweater,7.1,13,80,Animation
251. Velký Pán,7.0,8,73,Animation
252. Sunburnt Unicorn,7.4,9,81,Animation
254. Isle: Alpha One,8.4,7,97,Animation
258. Be Forever Yamato: Rebel 3199: Part 1: Dark Invasion,7.0,9,50,Animation
267. Let's Go! Anpanman: Baikinman and Lulun,6.5,7,64,Animation
273. Luv You Shankar,5.8,43,120,Animation
274. Turbozavry. God drakona,9.2,43,48,Animation
275. Nasreddin Hoca: Zaman Yolcusu - Kadim Medeniyetler,7.7,12,78,Animation
278. LUDA,7.2,6,86,Animation
287. Code Geass: Rozé of the Recapture: Part 4,7.0,14,70,Animation
293. Ekip: Siberay - Günes Firtinasi,6.0,14,72,Animation
305. Skazochnyy patrul. Shou prodolzhayetsya,7.2,11,65,Animation
309. Ninja Doomscrolling,8.1,102,96,Animation
333. 2475 Dawn of Revolution,6.3,152,127,Animation
395. Bie ba zuo wen dang hui shi er,7.2,11,89,Animation
15. Standing on the Shoulders of Kitties,6.2,518,111,Music
17. Janis Ian: Breaking Silence,8.3,48,114,Music
18. Pavements,7.0,153,128,Music
19. Mogwai: If the Stars Had a Sound,7.5,63,92,Music
20. The Colors Within,7.1,894,101,Music
23. Nova & Alice,6.1,278,110,Music
28. Boléro,6.6,758,120,Music
29. Swamp Dogg Gets His Pool Painted,8.7,46,95,Music
32. La Grande,8.9,37,95,Music
33. Larger Than Life: Reign of the Boybands,6.8,266,95,Music
37. Given 3: To the Sea,9.0,24,80,Music
38. Deaner '89,5.9,416,90,Music
40. Luther: Never Too Much,8.2,811,101,Music
42. Don't Ever Stop,9.5,24,85,Music
43. Gloria!,6.6,971,106,Music
45. ZEF: The Story of Die Antwoord,7.3,781,90,Music
46. The Extraordinary Miss Flower,7.4,20,73,Music
50. Becoming Madonna,6.9,193,91,Music
51. Blur: To the End,7.2,664,104,Music
53. The Neon Highway,6.0,486,113,Music
54. Beautiful Rebel,6.3,990,112,Music
55. Eno,8.0,298,85,Music
56. Singing in My Sleep,5.4,94,92,Music
57. If Jack Reacher Could Sing,7.6,12,31,Music
60. Diane Warren: Relentless,7.4,57,91,Music
61. No Cap,5.9,35,108,Music
62. Technoboys,5.2,965,109,Music
65. Diddy: Summit to Plummet,2.2,200,60,Music
66. Movie Given Hiiragi Mix.,7.4,151,70,Music
67. ABBA: Against the Odds,7.4,405,90,Music
68. Rock Bottom,7.0,41,86,Music
69. La guitarra flamenca de Yerai Cortés,7.3,215,95,Music
70. Fidil Ghorm,7.8,7,86,Music
71. Oshi no Ko: The Final Act,7.7,104,129,Music
72. Bocchi the Rock! Re:,7.5,152,90,Music
73. K3 en Het Lied van de Zeemeermin,6.2,48,104,Music
74. Levoton Tuhkimo,6.4,408,88,Music
75. Devo,7.3,83,90,Music
76. No Hamburg No Beatles,6.6,71,55,Music
77. Andrea Bocelli 30: The Celebration,8.2,151,148,Music
78. The World According to Allee Willis,7.8,60,97,Music
81. PAPmusic - Animation for Fashion,1.0,131,85,Music
82. Born to Be Wild: The Story of Steppenwolf,7.2,37,100,Music
84. Peaches Goes Bananas,6.1,32,73,Music
85. Coven of the Black Cube,7.8,19,97,Music
86. Teaches of Peaches,7.0,257,102,Music
87. Bocchi the Rock! Re: Re:,8.0,94,77,Music
88. Hyper: The Stevie Hyper D Story,8.8,30,91,Music
89. Billie Eilish: HIT ME HARD AND SOFT - A Listening Experience,8.8,31,60,Music
"91. Düsseldorf, Skåne",5.3,316,94,Music
93. Boxcutter,8.4,11,93,Music
94. Bach - Ein Weihnachtswunder,6.2,168,89,Music
95. Blackpink: World Tour - Born Pink,7.7,273,93,Music
96. Stevie Van Zandt: Disciple,7.9,662,147,Music
97. Bloody Bridget,7.1,53,81,Music
"98. Iki Gözüm Ahmet, Sürgün",4.0,139,113,Music
99. One-Way Ticket to the Other Side,9.4,13,75,Music
100. Queen Rock Montreal,8.5,776,95,Music
101. Glenn Fredly: The Movie,6.8,121,121,Music
102. IVE: The 1st World Tour in Cinema,7.3,51,111,Music
104. Torch Song,6.6,32,90,Music
105. Buzzy Noise,6.0,51,119,Music
107. New Wave,7.8,45,88,Music
"109. RM: Right People, Wrong Place",8.2,394,80,Music
110. Zim Zim Ala Kazim,3.5,108,100,Music
111. Go Against the Flow,5.3,147,97,Music
112. Art of a Hit,4.2,215,93,Music
113. A Few Moments of Cheers,7.3,25,68,Music
114. Seventeen Tour 'Follow' Again to Cinemas,8.2,99,103,Music
115. Beethoven's Nine: Ode to Humanity,6.9,22,85,Music
116. Blur: Live at Wembley Stadium,8.1,87,128,Music
117. Hiçbir Sey Normal Degil,6.2,64,71,Music
118. Louder: The Soundtrack of Change,6.4,118,61,Music
119. Any Other Way: The Jackie Shane Story,8.5,57,98,Music
120. End Game: Battle Rap Part 1,8.5,307,87,Music
121. Swan Lake,7.5,48,145,Music
123. Mylene Farmer - Nevermore - Le Film,8.7,76,125,Music
124. Pagtatag! The Documentary,6.6,192,73,Music
125. Do I Shock U Like Lightning,9.2,22,97,Music
127. Samsara,8.8,13,80,Music
128. Alien Weaponry: Kua Tupu Te Ara,6.8,7,99,Music
129. Il segreto di Liberato,7.3,215,90,Music
133. Sabaton: The Tour to End All Tours,9.0,67,102,Music
135. Laufey's A Night at the Symphony: Hollywood Bowl,9.3,98,98,Music
"137. Mon Laferte, te amo",6.6,185,77,Music
138. Kouté vwa,6.8,46,77,Music
139. Michael Jackson: Ungloved,6.4,22,60,Music
140. This Is a Film About the Black Keys,8.3,27,90,Music
141. For King + Country: A Drummer Boy Christmas - Live,8.1,170,90,Music
142. Ruki vverkh!,5.5,245,102,Music
143. Bratya,2.8,117,103,Music
144. Son Sarki: Ahmet'in Türküsü,1.6,109,101,Music
145. Lipstick on the Glass,4.6,12,116,Music
146. The Gesuidouz,6.8,53,93,Music
147. The Good Loan Sharks,5.0,75,122,Music
148. John Williams in Tokyo,8.0,15,108,Music
149. Nenormalnyy,6.5,150,103,Music
150. Karaoké,5.6,148,89,Music
151. Toxic Harmony,5.3,28,92,Music
154. Amaltash,8.1,145,113,Music
155. aespa: MY First page,8.3,32,110,Music
157. Ressaca Bailada - Filme Concerto,6.8,5,54,Music
158. The Way of the Rain - Hope for Earth,8.7,17,60,Music
159. Whitney Houston - The Concert for a New South Africa (Durban),8.5,149,115,Music
160. Aumenta que é Rock'n'Roll,7.1,274,112,Music
162. Songs from the Hole,6.8,10,106,Music
163. As We Speak,6.5,130,96,Music
164. Hov1 4-ever,6.4,73,92,Music
165. Usher: Rendezvous in Paris,7.9,45,88,Music
167. Element of Crime in Wenn es dunkel und kalt wird in Berlin,7.4,70,94,Music
169. Tudo por um Pop Star 2,5.7,58,74,Music
171. Love Live! Nijigasaki High School Idol Club Final Chapter Part 1,7.0,10,59,Music
172. End Game: Battle Rap Part 2,8.5,305,99,Music
173. Since Yesterday: The Untold Story of Scotland's Girl Bands,7.5,56,94,Music
174. Yaremchuk: Nezrivniannyi svit krasy,8.6,454,92,Music
175. Ett hjärta är alltid rött,7.1,394,103,Music
177. Aespa World Tour in Cinemas,8.1,102,125,Music
178. Riv i hjertet,7.9,30,107,Music
179. NCT Dream Mystery Lab: Dream()Scape in Cinemas,8.8,28,138,Music
180. Paul Anka: His Way,7.3,11,100,Music
182. Je Paisa Bolda Hunda,8.6,127,136,Music
183. Tur s Ivanushkami,5.3,158,111,Music
184. 13 Lentes De Um Final Feliz (Documentário Completo),9.9,36,410,Music
186. Harta Tahta Raisa,4.0,71,110,Music
"189. Beyond, Ode to the Earth",6.7,120,77,Music
190. Por tus muertos,3.3,184,94,Music
192. The Pop Out: Ken & Friends,8.8,136,257,Music
193. Ya Boy Kongming! Road to Summer Sonia,7.5,39,119,Music
196. Los Bunkers: MTV Unplugged,8.7,28,99,Music
199. It's Ok,8.2,529,90,Music
200. Tesa Man,7.9,14,60,Music
205. Beethoven's Nine,7.6,11,90,Music
206. Bass Impact,5.9,52,109,Music
207. La Joia: Bad Gyal,5.8,80,92,Music
211. Taeyong: TY Track in Cinemas,8.5,235,96,Music
212. Nada Será Como Antes,7.1,69,79,Music
217. American Mileage,7.3,8,121,Music
218. Dread Zeppelin: A Song of Hope,7.6,8,86,Music
219. Munda Rockstar,6.6,363,126,Music
221. Pet Shop Boys Dreamworld: The Greatest Hits Live at the Royal Arena Copenhagen,8.3,135,115,Music
223. Cao Bela,7.7,10,94,Music
225. Live from Detroit: The Concert at Michigan Central,8.0,11,60,Music
226. To Freely Flourish,9.5,11,40,Music
227. Chicago & Friends in Concert,8.9,12,149,Music
231. The Ballad of John and Yoko,8.4,16,101,Music
232. Sanjalice,8.8,12,69,Music
233. Janet Jackson: In Control,5.5,8,60,Music
235. Giannis Spanos: Piso ap' ti markiza,7.8,15,118,Music
240. SDL A Batalha Musical,7.3,41,102,Music
242. Patchwork Family,9.9,7,56,Music
246. Carmina Burana: Dancing in Defiance,8.4,9,72,Music
248. Reba McEntire: Country Gold,7.4,9,60,Music
249. Galaxies,5.7,7,105,Music
254. Babymetal: World Tour 2023 - 2024 Legend - MM,9.5,8,180,Music
255. Húszra lapot,8.3,6,84,Music
260. Faders Up: The John Aielli Experience,9.0,10,75,Music
267. André Rieu's 2024 Maastricht Concert: Power of Love,7.7,9,180,Music
275. Vavel the Band,9.4,16,77,Music
280. All Access to Rossa 25 Shining Years,8.7,65,91,Music
282. Pearl Jam - Dark Matter,5.8,35,97,Music
283. Electric Callboy: Tekkno - Live in Europe,9.1,23,86,Music
288. Ta decibel tou Lefkou Pyrgou,9.2,8,107,Music
"294. Stop, noch",3.9,8,97,Music
"296. Bryson, the Demon Slayer",4.5,12,59,Music
309. Sobreviure a l'incendi: El documental de ZOO,7.8,6,87,Music
312. Imagine Dragons au Château de Chambord,7.6,7,95,Music
327. Arno: Rock'n'Roll Godverdomme,7.8,26,90,Music
336. Böhse Onkelz: 40 Jahre Onkelz - Live im Waldstadion,8.7,9,185,Music
"345. Lupicinio Rodrigues, Confissões de um Sofredor",7.0,5,99,Music
357. The Royal Edinburgh Military Tattoo 2023,7.0,8,100,Music
410. Paranoid: 25 let,6.0,7,51,Music
415. Roméo et Juliette à l'Opéra Bastille,5.5,13,171,Music
419. En kväll för LeMarc,7.2,5,88,Music
424. Natanael Cano: Tumbado Tour 2024,2.4,8,197,Music
426. Stay Homas. La banda que no hauria d'existir,7.0,16,82,Music
1. Every Christopher Nolan Movie Ranked,8.7,18,59,News
3. The Fall of 2008,8.4,8,61,News
4. The Truth: The Journey Within,7.2,8,91,News
5. The Turning Point: XCLD: The Story of Cancel Culture,5.4,37,44,News
